,corr_with_on_time,corr_with_delay
items,0.016083648390517433,-0.03212867227807279
product_value,-0.026233498456521436,-0.009135850875465493
freight_value,-0.03216379620647968,-0.045829224970687366
order_total_value,-0.02822354509478936,-0.01322954964509945
weight_kg,-0.019493830932584,0.0036179881981550487
avg_distance_km,-0.07271962966988431,-0.06663030815592537
paid_total,-0.028184258728499115,-0.013303241928867983
avg_review_score,0.4529128865795119,-0.2951994991375213
